154711443143        SBI0154711  2423  rohit                    mohit                    3456345232     rohit@gmail.com          6000      
234735869033        SBI2347358  9933  subham rao               bhadur rao               3849857493     subham@gmail.com         13000     
774770024980        SBI7747700  3497  vishal cdy               mr MK                    2948736457     vishal@gmail.com         80000     
911488354148        SBI9114883  3948  motu y                   mr motu                  3948736578     motu@gmail.com           50000     
186661772367        SBI1866617  3948  raj                      mohan cdy                3984756839     raj@gmail.com            40000     
995982507058        SBI9959825  3984  mahesh yadav             akesh yadav              3944875938     mahesh@gmail.com         20000     
761033340073        SBI0761033  3948  RK sharma                ritesh cdy               3948573457     RK@gmail.com             40000     
571459265545        SBI5714592  3948  bunty cdy                kapil cdy                3948736475     bunty@gmail.com          70000     
314085579073        SBI0314085  0001  nishu yadav              babu yadav               3984756345     nishu@gmail.com          65000     
820914142008        SBI8209141  3948  gagan cdy                manish cdy               3948573847     gagan@gmail.com          76000     
167442757358        SBI1674427  3948  govind yadav             gopal yadav              3948573424     govind@gmail.com         90000     
119053313736        SBI0190533  3212  jay singh                raj singh                3984730293     jay@gmail.com            2000      
494682160502        SBI4946821  0980  abhi cdy                 rahul cdy                2938478383     abhi@gmail.com           10000     
352478378687        SBI3524783  3948  mohan jain               manoj jain               3948273847     mahan@gmail.com          5000      
898545864049        SBI8985458  3948  rohan ydv                raju ydv                 3948374837     rohan@gmail.com          5000      
851191035934        SBI8511910  2929  rahul rao                rohit rao                3948573495     rahul@gamil.com          5000      
830561554011        SBI8305615  2947  aman varma               nitesh varma             3948273463     aman@gmail.com           3000      
